date,mean_valuePsi,median_valuePsi,max_valuePsi,min_valuePsi,mean_celsius,median_celsius,max_celsius,min_celsius,mean_fahrenheit,median_fahrenheit,max_fahrenheit,min_fahrenheit
2021-08-18,593.3333333333334,596.0,616.0,560.0,29.95,30.1,30.1,29.2,85.91000000000001,86.18,86.18,84.56
2021-08-19,667.2,640.0,816.0,592.0,28.956,30.47,30.47,23.66,84.1208,86.846,86.846,74.588
2021-08-20,596.0,596.0,608.0,584.0,30.755000000000003,30.755000000000003,31.42,30.09,87.35900000000001,87.35900000000001,88.55600000000001,86.162
2021-08-23,625.7777777777778,632.0,640.0,600.0,26.397777777777776,29.37,31.58,20.99,79.516,84.866,88.844,69.782
2021-08-24,620.0,620.0,640.0,600.0,27.5125,24.145,38.43,23.33,81.52250000000001,75.461,101.174,73.994
2021-08-25,663.1111111111111,664.0,688.0,632.0,31.701111111111103,36.75,36.75,25.39,89.062,98.15,98.15,77.702
2021-08-26,620.0,676.0,728.0,160.0,30.4475,32.03,33.18,22.56,86.8055,89.654,91.724,72.608
2021-08-27,597.7142857142857,752.0,808.0,168.0,34.62714285714286,35.6,35.6,33.33,94.32885714285715,96.08,96.08,91.994
2021-08-29,875.2,848.0,984.0,832.0,27.053999999999995,25.65,29.58,25.65,80.6972,78.17,85.244,78.17
2021-08-30,868.5714285714286,868.0,1144.0,536.0,22.96214285714285,22.645,27.2,19.2,73.33185714285716,72.761,80.96000000000001,66.56
2021-08-31,892.4444444444445,864.0,1152.0,752.0,22.646666666666665,21.82,27.18,19.22,72.764,71.27600000000001,80.924,66.596
2021-09-01,942.6666666666666,940.0,992.0,896.0,23.149999999999995,23.45,24.02,21.08,73.67,74.21,75.23599999999999,69.94399999999999
2021-09-02,769.6,776.0,1064.0,168.0,22.278,24.03,25.98,17.7,72.10040000000001,75.254,78.76400000000001,63.86
2021-09-03,726.4,820.0,880.0,168.0,19.92799999999999,18.79,23.09,17.72,67.87039999999998,65.822,73.562,63.896
2021-09-04,844.0,844.0,856.0,832.0,20.93,20.93,20.93,20.93,69.674,69.674,69.674,69.674
2021-09-05,836.0,836.0,840.0,832.0,26.41,26.41,26.84,25.98,79.53800000000001,79.53800000000001,80.312,78.76400000000001
2021-09-06,845.7142857142857,848.0,864.0,808.0,19.27714285714286,16.76,25.96,16.76,66.69885714285715,62.168000000000006,78.72800000000001,62.168000000000006
2021-09-07,948.6666666666666,948.0,1000.0,912.0,23.74083333333333,21.01,30.42,18.77,74.73349999999998,69.81800000000001,86.756,65.786
2021-09-08,1002.5263157894736,968.0,1232.0,928.0,18.748421052631578,14.93,25.81,14.93,65.74715789473684,58.874,78.458,58.874
2021-09-09,1083.2,1128.0,1376.0,184.0,18.215999999999998,17.0,23.06,13.94,64.7888,62.6,73.508,57.092
2021-09-10,1160.0,1200.0,1304.0,168.0,21.446842105263162,24.12,25.06,15.68,70.60431578947366,75.416,77.108,60.224
2021-09-11,1332.0,1332.0,1336.0,1328.0,24.494999999999997,24.494999999999997,29.02,19.97,76.091,76.091,84.23599999999999,67.946
2021-09-12,1318.4,1304.0,1344.0,1304.0,25.758000000000003,24.29,29.93,22.32,78.3644,75.72200000000001,85.874,72.176
2021-09-13,1204.6666666666667,1220.0,1280.0,1104.0,23.843333333333334,23.095,29.32,21.19,74.91800000000002,73.571,84.77600000000001,70.142
2021-09-14,1319.578947368421,1320.0,1416.0,1208.0,24.373684210526307,22.02,29.84,22.02,75.87263157894735,71.636,85.712,71.636
2021-09-15,653.0909090909091,328.0,1424.0,160.0,19.73090909090909,21.07,23.16,14.85,67.51563636363635,69.926,73.688,58.73
2021-09-16,358.85714285714283,360.0,376.0,344.0,22.025714285714287,24.19,26.12,13.72,71.64628571428572,75.542,79.016,56.696
2021-09-17,366.6666666666667,368.0,376.0,360.0,23.709999999999997,23.13,29.16,17.98,74.67800000000001,73.634,84.488,64.364
2021-09-18,302.0,340.0,352.0,176.0,20.4725,20.92,21.14,18.91,68.85050000000001,69.656,70.05199999999999,66.03800000000001
2021-09-19,354.6666666666667,360.0,360.0,344.0,23.346666666666664,18.99,32.1,18.95,74.02399999999999,66.18199999999999,89.78,66.11
2021-09-20,365.3333333333333,368.0,368.0,360.0,24.538888888888884,25.04,26.39,22.43,76.17,77.072,79.50200000000001,72.374
2021-09-21,368.0,368.0,376.0,360.0,21.052,19.1,24.37,18.32,69.89359999999999,66.38,75.866,64.976
2021-09-22,336.0,336.0,344.0,328.0,14.767777777777777,14.96,16.05,13.05,58.58200000000001,58.928,60.89,55.49
2021-09-23,317.0,336.0,344.0,176.0,14.98875,15.34,16.95,10.83,58.97975,59.612,62.51,51.494
2021-09-24,334.85714285714283,336.0,344.0,328.0,18.624285714285715,22.89,24.08,11.78,65.52371428571429,73.202,75.344,53.204
2021-09-25,357.3333333333333,360.0,360.0,352.0,18.94333333333333,18.95,18.95,18.93,66.098,66.11,66.11,66.074
2021-09-26,348.0,348.0,352.0,344.0,13.98,13.98,15.92,12.04,57.164,57.164,60.656,53.672
2021-09-27,330.90909090909093,344.0,360.0,168.0,21.371818181818185,18.86,27.36,18.17,70.46927272727274,65.94800000000001,81.24799999999999,64.706
2021-09-28,321.0,340.0,352.0,176.0,18.167499999999997,17.95,22.05,16.71,64.70150000000001,64.31,71.69,62.078
2021-09-29,337.3333333333333,368.0,376.0,168.0,20.28,18.77,26.75,14.19,68.504,65.786,80.15,57.542
2021-09-30,372.9230769230769,376.0,376.0,368.0,19.96461538461538,16.84,26.08,16.42,67.93630769230766,62.312,78.94399999999999,61.556
2021-10-01,376.0,372.0,392.0,360.0,22.176666666666662,20.990000000000002,28.79,16.66,71.91799999999999,69.78200000000001,83.822,61.988
2021-10-02,354.0,352.0,368.0,344.0,22.9325,23.380000000000003,25.62,19.35,73.27850000000001,74.084,78.116,66.83000000000001
2021-10-03,409.6,432.0,440.0,360.0,22.830000000000002,24.1,24.1,20.41,73.09400000000001,75.38,75.38,68.738
2021-10-04,438.0,440.0,488.0,392.0,19.57,19.11,22.14,18.3,67.22600000000001,66.398,71.852,64.94
2021-10-05,491.0769230769231,520.0,592.0,184.0,18.715384615384615,18.96,19.51,18.1,65.68769230769232,66.128,67.118,64.58000000000001
2021-10-06,440.0,472.0,536.0,184.0,18.709999999999997,18.735,19.21,18.16,65.678,65.723,66.578,64.688
2021-10-07,480.0,500.0,552.0,168.0,19.735555555555564,19.41,21.5,19.28,67.52400000000002,66.938,70.7,66.70400000000001
2021-10-08,612.3636363636364,592.0,768.0,512.0,20.020909090909093,19.99,22.98,17.31,68.03763636363637,67.982,73.364,63.158
2021-10-09,677.3333333333334,640.0,784.0,608.0,20.853333333333335,18.28,26.0,18.28,69.536,64.904,78.80000000000001,64.904
2021-10-10,640.0,640.0,640.0,640.0,23.15,23.15,23.15,23.15,73.67,73.67,73.67,73.67
2021-10-11,605.3333333333334,600.0,624.0,592.0,24.60666666666667,25.34,25.34,23.14,76.292,77.612,77.612,73.652
2021-10-12,617.1428571428571,608.0,656.0,592.0,16.515714285714285,16.2,17.21,16.2,61.72828571428572,61.16,62.978,61.16
2021-10-13,683.6,700.0,792.0,176.0,16.1065,15.425,21.1,11.84,60.991700000000016,59.765,69.98,53.312
2021-10-14,744.4444444444445,768.0,880.0,168.0,19.53777777777778,19.759999999999998,21.43,17.01,67.16800000000002,67.568,70.574,62.618
2021-10-15,843.7333333333333,816.0,944.0,776.0,13.325999999999999,12.87,15.1,11.7,55.98679999999999,55.166,59.18,53.06
2021-10-16,826.6666666666666,832.0,856.0,792.0,12.840000000000002,13.81,13.81,10.9,55.112,56.858,56.858,51.620000000000005
2021-10-17,832.0,800.0,904.0,792.0,9.873333333333333,5.82,17.98,5.82,49.772,42.476,64.364,42.476
2021-10-18,713.8461538461538,704.0,872.0,568.0,11.625384615384615,10.96,16.08,10.35,52.925692307692316,51.728,60.944,50.63
2021-10-19,587.5555555555555,592.0,632.0,552.0,10.334444444444445,6.45,15.99,6.14,50.602,43.61,60.782,43.052
2021-10-20,800.8,736.0,1152.0,168.0,17.109,17.01,21.67,11.66,62.79619999999998,62.618,71.006,52.988
2021-10-21,784.5,784.0,1032.0,168.0,18.280625,17.53,23.88,15.73,64.90512500000001,63.554,74.98400000000001,60.314
2021-10-22,917.3333333333334,912.0,1152.0,168.0,18.137333333333334,17.89,21.52,16.13,64.6472,64.202,70.73599999999999,61.034
2021-10-23,921.7777777777778,896.0,1000.0,880.0,14.824444444444444,15.41,15.41,10.14,58.684,59.738,59.738,50.252
2021-10-24,992.0,1000.0,1008.0,944.0,7.0920000000000005,4.79,14.26,4.79,44.7656,40.622,57.668,40.622
2021-10-25,1014.0,1024.0,1056.0,944.0,11.918333333333335,12.02,12.87,10.55,53.452999999999996,53.636,55.166,50.99
2021-10-26,1091.4285714285713,1092.0,1208.0,1024.0,13.467142857142857,13.54,14.08,12.66,56.24085714285713,56.372,57.344,54.788
2021-10-27,1176.0,1188.0,1280.0,1056.0,9.650833333333333,10.35,10.76,6.46,49.371500000000005,50.63,51.368,43.628
2021-10-28,1176.5333333333333,1256.0,1344.0,360.0,6.268666666666666,5.84,8.31,4.97,43.28359999999999,42.512,46.958,40.946
2021-10-29,1148.1904761904761,1312.0,1432.0,184.0,6.342857142857143,7.61,10.25,3.02,43.41714285714285,45.698,50.45,37.436
2021-10-30,1480.0,1468.0,1552.0,1432.0,11.89,11.89,11.89,11.89,53.402,53.402,53.402,53.402
2021-10-31,1469.3333333333333,1472.0,1480.0,1456.0,13.78,13.78,13.78,13.78,56.804,56.804,56.804,56.804
2021-11-01,1465.4545454545455,1464.0,1568.0,1408.0,12.289090909090913,12.13,15.51,11.12,54.12036363636364,53.834,59.918,52.016
2021-11-02,1448.0,1612.0,1712.0,176.0,9.739999999999998,9.44,13.85,7.43,49.53200000000001,48.992000000000004,56.93,45.374
2021-11-03,1329.6842105263158,1592.0,1736.0,184.0,5.462631578947368,2.81,11.33,2.81,41.832736842105255,37.058,52.394000000000005,37.058
2021-11-04,604.8,432.0,1768.0,176.0,2.686,2.22,6.98,-0.2099999999999999,36.8348,35.996,44.564,31.622
2021-11-05,428.8,432.0,432.0,424.0,4.992,2.7,10.07,2.7,40.985600000000005,36.86,50.126000000000005,36.86
2021-11-06,448.0,448.0,456.0,440.0,4.17,2.86,6.79,2.86,39.506,37.148,44.222,37.148
2021-11-07,354.6666666666667,424.0,448.0,192.0,2.64,3.13,3.13,1.66,36.752,37.634,37.634,34.988
2021-11-08,414.4,408.0,432.0,408.0,12.170000000000002,11.63,16.07,5.45,53.90599999999999,52.934,60.926,41.81
2021-11-09,389.09090909090907,392.0,416.0,352.0,11.468181818181817,7.86,21.02,7.03,52.64272727272728,46.148,69.836,44.654
2021-11-10,362.90909090909093,384.0,384.0,184.0,13.704545454545455,13.51,15.94,11.73,56.66818181818181,56.318,60.692,53.114
2021-11-11,411.0,412.0,432.0,400.0,7.76625,5.76,13.02,4.75,45.97925,42.368,55.436,40.55
2021-11-12,423.27272727272725,424.0,456.0,384.0,13.492727272727278,12.23,16.37,10.5,56.2869090909091,54.014,61.466,50.900000000000006
2021-11-13,420.0,428.0,456.0,368.0,9.43,9.43,9.43,9.43,48.974,48.974,48.974,48.974
2021-11-14,445.3333333333333,432.0,488.0,416.0,1.4833333333333334,1.07,2.31,1.07,34.67,33.926,36.158,33.926
2021-11-15,590.8571428571429,628.0,664.0,272.0,4.809285714285714,4.58,7.62,2.61,40.6567142857143,40.244,45.716,36.698
2021-11-16,618.2857142857143,620.0,688.0,512.0,3.2842857142857143,2.755,6.9,0.09,37.9117142857143,36.959,44.42,32.162
2021-11-17,581.1428571428571,576.0,672.0,480.0,5.012857142857143,4.455,8.95,1.24,41.023142857142865,40.019,48.11,34.232
2021-11-18,569.5,576.0,624.0,512.0,15.436875000000004,14.5,21.35,11.98,59.78637500000002,58.1,70.43,53.564
2021-11-19,617.2307692307693,656.0,680.0,192.0,3.910000000000001,2.83,10.34,2.02,39.03800000000001,37.094,50.612,35.636
2021-11-20,701.3333333333334,712.0,712.0,680.0,5.1,8.61,8.61,-1.92,41.18,47.498,47.498,28.544
2021-11-21,678.4,680.0,688.0,664.0,5.176,2.76,12.16,2.76,41.31680000000001,36.968,53.888000000000005,36.968
2021-11-22,656.0,652.0,688.0,616.0,9.744,12.01,12.81,4.19,49.53920000000001,53.618,55.058,39.542
2021-11-23,742.4,744.0,800.0,704.0,-2.046,-0.81,0.15,-4.56,28.317200000000003,30.542,32.27,23.792
2021-11-24,809.6,808.0,840.0,776.0,-5.742,-7.17,0.33,-7.35,21.6644,19.094,32.594,18.77
2021-11-25,776.0,776.0,784.0,768.0,7.973333333333333,5.95,12.02,5.95,46.352000000000004,42.71,53.636,42.71
2021-11-26,824.0,824.0,824.0,824.0,4.0,4.0,4.0,4.0,39.2,39.2,39.2,39.2
2021-11-28,816.0,816.0,816.0,816.0,1.21,1.21,1.21,1.21,34.178,34.178,34.178,34.178
2021-11-29,858.6666666666666,864.0,904.0,808.0,-1.47,-2.635,2.52,-3.42,29.354,27.257,36.536,25.844
2021-11-30,977.3333333333334,968.0,1072.0,920.0,-3.065000000000001,-6.57,3.78,-7.32,26.483000000000004,20.174,38.804,18.824
2021-12-01,993.5,988.0,1120.0,944.0,2.1381250000000005,1.92,5.53,-1.11,35.848625,35.456,41.954,30.002
2021-12-02,1152.4705882352941,1144.0,1480.0,1008.0,10.542352941176475,12.58,15.69,1.31,50.97623529411765,54.644000000000005,60.242,34.358
2021-12-03,1304.0,1252.0,1680.0,1160.0,2.4081250000000005,1.66,12.58,-0.39,36.334624999999996,34.988,54.644000000000005,31.298
2021-12-04,1404.0,1404.0,1408.0,1400.0,-2.38,-2.38,-2.38,-2.38,27.716,27.716,27.716,27.716
2021-12-05,1328.0,1332.0,1360.0,1288.0,1.845,1.53,2.79,1.53,35.321,34.754,37.022,34.754
2021-12-06,1402.1818181818182,1392.0,1488.0,1328.0,11.085454545454546,16.28,16.32,3.44,51.95381818181817,61.304,61.376000000000005,38.192
2021-12-07,1511.111111111111,1540.0,1624.0,1320.0,2.1572222222222215,2.53,3.53,0.81,35.88299999999999,36.554,38.354,33.458
2021-12-08,1067.2,1480.0,1712.0,176.0,0.19599999999999992,1.6,1.6,-3.39,32.3528,34.88,34.88,25.898
2021-12-09,490.2857142857143,488.0,504.0,480.0,-3.277142857142857,-2.0,0.08,-7.84,26.10114285714286,28.4,32.144,17.887999999999998
2021-12-10,472.8888888888889,464.0,504.0,456.0,2.281111111111111,2.71,4.33,-0.43,36.105999999999995,36.878,39.794,31.226
2021-12-11,464.0,464.0,464.0,464.0,0.36,0.36,0.36,0.36,32.648,32.648,32.648,32.648
2021-12-12,392.0,392.0,392.0,392.0,13.29,13.29,13.29,13.29,55.922,55.922,55.922,55.922
2021-12-13,407.1111111111111,400.0,432.0,392.0,6.132222222222222,6.68,8.33,0.88,43.038,44.024,46.994,33.584
2021-12-14,434.0,432.0,472.0,400.0,4.43375,4.22,5.84,3.71,39.98075,39.596,42.512,38.678
2021-12-15,468.6666666666667,464.0,592.0,216.0,2.3341666666666665,1.56,5.86,0.19,36.2015,34.808,42.548,32.342
2021-12-16,527.1111111111111,568.0,592.0,192.0,12.848888888888887,13.82,14.81,6.07,55.12799999999999,56.876000000000005,58.658,42.926
2021-12-17,579.2,576.0,624.0,560.0,11.697999999999999,10.69,13.72,10.69,53.0564,51.242,56.696,51.242
2021-12-18,556.8,656.0,672.0,200.0,3.614,4.2,4.2,1.27,38.5052,39.56,39.56,34.286
2021-12-19,624.0,624.0,624.0,624.0,-3.81,-3.81,-3.81,-3.81,25.142,25.142,25.142,25.142
2021-12-20,689.3333333333334,684.0,712.0,680.0,-5.509999999999999,-2.9699999999999998,-2.56,-11.0,22.081999999999997,26.654,27.392,12.2
2021-12-21,670.0,716.0,744.0,184.0,3.2799999999999994,5.26,5.26,-4.19,37.90400000000001,41.468,41.468,24.458
2021-12-22,738.0,744.0,760.0,704.0,0.28,0.28,0.28,0.28,32.504,32.504,32.504,32.504
2021-12-23,760.0,760.0,760.0,760.0,-6.4,-6.4,-6.4,-6.4,20.48,20.48,20.48,20.48
2021-12-24,928.0,928.0,928.0,928.0,-4.25,-4.25,-4.25,-4.25,24.35,24.35,24.35,24.35
2021-12-26,776.0,776.0,776.0,776.0,-2.44,-2.44,-2.44,-2.44,27.608,27.608,27.608,27.608
2021-12-27,756.0,756.0,760.0,752.0,1.085,1.085,2.06,0.11,33.953,33.953,35.708,32.198
2021-12-28,732.0,732.0,736.0,728.0,5.33,5.33,5.33,5.33,41.594,41.594,41.594,41.594
2021-12-31,768.0,768.0,776.0,760.0,6.263333333333333,5.44,7.91,5.44,43.274,41.792,46.238,41.792
2022-01-02,720.0,720.0,720.0,720.0,1.37,1.37,1.37,1.37,34.466,34.466,34.466,34.466
2022-01-03,844.8,856.0,888.0,776.0,-8.558000000000002,-10.14,-4.23,-10.14,16.595599999999997,13.747999999999998,24.386,13.747999999999998
2022-01-04,904.0,896.0,920.0,896.0,-3.92,-3.92,-3.92,-3.92,24.944,24.944,24.944,24.944
2022-01-05,868.0,872.0,904.0,832.0,5.243333333333333,8.28,8.28,-0.83,41.437999999999995,46.904,46.904,30.506
2022-01-06,900.0,904.0,928.0,840.0,-1.1500000000000001,-1.4300000000000002,0.25,-1.4300000000000002,29.929999999999996,29.426,32.45,29.426
2022-01-07,968.0,968.0,968.0,968.0,-5.04,-5.04,-5.04,-5.04,22.928,22.928,22.928,22.928
2022-01-10,1024.0,1020.0,1080.0,976.0,-7.649999999999999,-8.37,-5.49,-8.37,18.23,16.934,22.118,16.934
2022-01-11,1346.0,1308.0,1504.0,1264.0,-17.595,-17.595,-16.95,-18.24,0.3290000000000006,0.3290000000000006,1.490000000000002,-0.8320000000000007
2022-01-12,1216.0,1148.0,1464.0,1104.0,-3.2274999999999996,0.935,0.97,-15.75,26.1905,33.683,33.746,3.649999999999999
2022-01-13,458.6666666666667,456.0,464.0,456.0,4.75,4.75,4.75,4.75,40.55,40.55,40.55,40.55
2022-01-14,536.0,536.0,536.0,536.0,-6.5,-6.5,-6.5,-6.5,20.3,20.3,20.3,20.3
2022-01-18,528.0,536.0,552.0,496.0,-7.498,-8.54,-3.4,-9.17,18.5036,16.628,25.88,15.494
2022-01-19,480.0,480.0,496.0,464.0,3.0533333333333332,2.78,3.6,2.78,37.496,37.004,38.48,37.004
2022-01-20,500.0,504.0,528.0,464.0,-3.9725,-5.48,0.55,-5.48,24.8495,22.136,32.99,22.136
2022-01-21,646.6666666666666,648.0,688.0,592.0,-11.886666666666665,-11.11,-11.11,-14.74,10.604000000000001,12.002,12.002,5.468
2022-01-24,536.0,536.0,552.0,520.0,-5.35,-3.86,-3.52,-8.06,22.369999999999997,25.052,25.664,17.491999999999997
2022-01-25,516.6666666666666,512.0,600.0,456.0,0.20833333333333307,1.26,1.52,-2.22,32.37500000000001,34.268,34.736,28.004
2022-01-26,577.1428571428571,568.0,704.0,512.0,-10.740714285714281,-11.41,-7.52,-13.14,12.66671428571429,11.462,18.464,8.347999999999999
2022-01-27,645.0909090909091,640.0,696.0,592.0,-11.282727272727277,-9.01,-7.4,-16.87,11.69109090909091,15.782,18.68,1.6339999999999968
2022-01-28,681.28,720.0,816.0,208.0,-0.5467999999999997,-0.73,1.71,-3.91,31.01576,30.686,35.078,24.962
2022-01-29,788.0,788.0,800.0,776.0,-6.72,-6.72,-6.72,-6.72,19.904,19.904,19.904,19.904
2022-01-30,971.4285714285714,984.0,1080.0,848.0,-19.294285714285714,-19.6,-18.24,-19.6,-2.7297142857142873,-3.280000000000001,-0.8320000000000007,-3.280000000000001
2022-01-31,624.8888888888889,608.0,688.0,600.0,-4.146666666666667,-3.74,-3.74,-4.96,24.536,25.268,25.268,23.072
2022-02-01,590.8571428571429,608.0,648.0,536.0,-9.154285714285715,-14.91,-1.48,-14.91,15.522285714285713,5.161999999999999,29.336,5.161999999999999
2022-02-02,504.0,504.0,536.0,480.0,1.74,0.66,5.52,0.66,35.13199999999999,33.188,41.936,33.188
2022-02-03,449.3333333333333,448.0,464.0,432.0,5.748333333333334,4.545,8.78,3.92,42.347,40.181,47.804,39.056
2022-02-04,513.6,520.0,560.0,472.0,-4.087999999999999,-8.11,6.7,-8.78,24.6416,17.402,44.06,16.196
2022-02-05,597.3333333333334,600.0,624.0,568.0,-11.216666666666667,-11.16,-9.59,-12.9,11.809999999999997,11.912,14.738,8.779999999999998
2022-02-06,660.0,660.0,672.0,648.0,-6.1,-6.1,-6.1,-6.1,21.02,21.02,21.02,21.02
2022-02-07,562.6666666666666,560.0,648.0,512.0,0.9055555555555554,1.42,4.25,-7.15,33.629999999999995,34.556,39.65,19.13
2022-02-08,532.0,532.0,576.0,480.0,0.6708333333333334,0.91,2.97,-0.6599999999999999,33.207499999999996,33.638,37.346,30.812
2022-02-09,564.0,560.0,664.0,504.0,-0.7779999999999998,0.23,4.13,-4.43,30.59959999999999,32.414,39.434,24.026
2022-02-10,568.0,544.0,640.0,512.0,4.262857142857143,2.39,11.06,-0.85,39.67314285714286,36.302,51.908,30.47
2022-02-11,625.7777777777778,616.0,704.0,568.0,1.2188888888888891,-0.4399999999999999,6.4,-0.4399999999999999,34.193999999999996,31.208,43.52,31.208
2022-02-12,646.0,664.0,688.0,568.0,10.709999999999999,10.709999999999999,16.04,5.38,51.278000000000006,51.278,60.872,41.684
2022-02-13,620.0,620.0,624.0,616.0,-1.4,-1.4,-1.4,-1.4,29.48,29.48,29.48,29.48
2022-02-14,762.0,784.0,792.0,688.0,-11.9775,-13.135,-7.39,-14.25,10.4405,8.357,18.698,6.349999999999998
2022-02-15,778.5454545454545,836.0,912.0,216.0,-14.243636363636368,-16.49,-7.24,-17.34,6.361454545454547,2.3180000000000014,18.968,0.7880000000000003
2022-02-16,813.7931034482758,808.0,880.0,760.0,-7.828965517241381,-11.9,2.18,-11.9,17.907862068965507,10.579999999999998,35.924,10.579999999999998
2022-02-17,816.0,808.0,880.0,792.0,11.880769230769229,14.35,15.87,4.84,53.38538461538462,57.83,60.566,40.712
2022-02-18,879.1111111111111,872.0,920.0,856.0,2.9733333333333345,-4.54,16.52,-4.54,37.35199999999999,23.828,61.736,23.828
2022-02-19,924.0,924.0,944.0,904.0,-0.14,-0.14,-0.14,-0.14,31.748,31.748,31.748,31.748
2022-02-20,964.0,964.0,1008.0,920.0,-9.655,-9.655,-5.22,-14.09,14.620999999999999,14.620999999999999,22.604,6.637999999999998
2022-02-21,924.0,924.0,936.0,912.0,-4.82,-4.82,-4.82,-4.82,23.324,23.324,23.324,23.324
2022-02-22,984.6666666666666,964.0,1184.0,912.0,6.925833333333334,10.48,10.48,1.71,44.466499999999996,50.864,50.864,35.078
2022-02-23,975.3333333333334,964.0,1040.0,904.0,10.86416666666667,13.78,20.25,2.9,51.5555,56.804,68.45,37.22
2022-02-24,1037.6470588235295,1056.0,1080.0,744.0,-4.981176470588235,-5.44,-1.75,-10.22,23.03388235294118,22.208,28.85,13.604
2022-02-25,938.6666666666666,1024.0,1104.0,216.0,-4.141111111111111,-3.15,-3.15,-12.07,24.545999999999992,26.33,26.33,10.273999999999996
2022-02-26,1058.2857142857142,1056.0,1096.0,1016.0,-12.0,-12.3,-2.1,-15.0,10.4,9.86,28.22,5.0
2022-02-27,1044.0,1044.0,1064.0,1024.0,-9.93,-9.93,-9.93,-9.93,14.126,14.126,14.126,14.126
2022-02-28,1064.0,1080.0,1104.0,1008.0,-8.290714285714289,-7.960000000000001,-7.54,-13.01,17.07671428571428,17.671999999999997,18.428,8.582
2022-03-01,1148.2666666666667,1160.0,1232.0,1040.0,-5.798,-8.6,0.21,-8.6,21.5636,16.52,32.378,16.52
2022-03-02,1158.095238095238,1200.0,1288.0,320.0,2.2414285714285715,1.97,3.07,1.87,36.03457142857144,35.546,37.526,35.366
2022-03-03,1053.3333333333333,1288.0,1384.0,496.0,-3.097777777777778,-1.4300000000000002,-0.88,-6.8,26.423999999999992,29.426,30.416,19.76
2022-03-04,514.6666666666666,504.0,568.0,488.0,-4.540000000000001,-2.78,-2.07,-12.8,23.828,26.996,28.274,8.959999999999997
2022-03-05,397.3333333333333,472.0,504.0,216.0,1.01,3.14,3.14,-3.25,33.818000000000005,37.652,37.652,26.15
2022-03-07,380.0,380.0,384.0,376.0,13.1475,13.66,13.66,11.61,55.6655,56.588,56.588,52.898
2022-03-08,442.6666666666667,440.0,448.0,440.0,2.64,2.64,2.64,2.64,36.752,36.752,36.752,36.752
2022-03-09,477.3333333333333,480.0,488.0,464.0,-1.6433333333333333,-1.83,-1.27,-1.83,29.042,28.706,29.714,28.706
2022-03-10,302.0,308.0,424.0,168.0,2.99,2.99,7.3,-1.3199999999999998,37.382000000000005,37.382,45.14,29.624
2022-03-11,438.0,432.0,464.0,424.0,4.5175,5.08,5.08,2.83,40.1315,41.144,41.144,37.094
2022-03-12,456.0,456.0,456.0,456.0,4.26,4.26,4.26,4.26,39.668,39.668,39.668,39.668
2022-03-14,425.14285714285717,400.0,488.0,400.0,5.377142857142857,8.92,8.92,-3.48,41.67885714285713,48.056,48.056,25.736
2022-03-15,424.8,416.0,456.0,408.0,7.338000000000003,5.23,16.05,4.24,45.2084,41.414,60.89,39.632
2022-03-16,440.61538461538464,448.0,504.0,304.0,6.101538461538462,4.29,10.29,4.29,42.982769230769236,39.722,50.522,39.722
2022-03-17,467.2,464.0,520.0,424.0,8.337,9.96,10.34,3.93,47.0066,49.928,50.612,39.074
2022-03-18,487.27272727272725,488.0,544.0,408.0,14.986363636363633,18.29,22.1,9.81,58.97545454545456,64.922,71.78,49.658
2022-03-19,592.0,592.0,608.0,576.0,7.92,7.92,7.92,7.92,46.256,46.256,46.256,46.256
2022-03-20,525.3333333333334,512.0,560.0,504.0,9.413333333333334,8.25,11.81,8.18,48.943999999999996,46.85,53.258,46.724
2022-03-21,593.3333333333334,592.0,648.0,528.0,10.031666666666668,11.45,13.48,4.39,50.05700000000001,52.61,56.264,39.902
2022-03-22,630.5882352941177,616.0,688.0,552.0,3.0217647058823522,4.33,6.88,-0.1999999999999999,37.43917647058823,39.794,44.384,31.64
2022-03-23,657.2307692307693,704.0,744.0,200.0,2.581538461538462,4.69,4.91,-0.99,36.64676923076923,40.442,40.838,30.218
2022-03-24,484.8,476.0,528.0,448.0,3.7070000000000007,4.17,4.69,1.6800000000000002,38.67259999999999,39.506,40.442,35.024
2022-03-25,496.0,496.0,568.0,440.0,7.5807692307692305,4.17,13.7,1.65,45.645384615384614,39.506,56.66,34.97
2022-03-26,573.3333333333334,616.0,624.0,480.0,11.92,11.92,11.92,11.92,53.455999999999996,53.456,53.456,53.456
2022-03-27,504.0,504.0,616.0,392.0,3.88,3.88,3.88,3.88,38.984,38.984,38.984,38.984
2022-03-28,706.6666666666666,708.0,784.0,648.0,-7.552500000000001,-8.26,-5.54,-10.13,18.4055,17.131999999999998,22.028,13.765999999999998
2022-03-29,724.9230769230769,712.0,816.0,680.0,-6.473846153846153,-2.52,-2.52,-13.21,20.34707692307692,27.464,27.464,8.221999999999998
2022-03-30,753.2307692307693,752.0,840.0,720.0,0.7938461538461539,-4.4,8.06,-5.37,33.42892307692308,24.08,46.508,22.334
2022-03-31,784.0,776.0,888.0,736.0,9.819333333333333,5.63,18.07,2.68,49.67480000000002,42.134,64.52600000000001,36.824
2022-04-01,789.0909090909091,816.0,920.0,232.0,13.53045454545454,14.93,18.07,6.15,56.35481818181822,58.874,64.52600000000001,43.07
2022-04-02,904.0,904.0,928.0,888.0,2.2079999999999997,1.29,10.04,-0.79,35.9744,34.322,50.072,30.578
2022-04-03,928.0,928.0,928.0,928.0,5.38,5.38,5.99,4.77,41.684,41.684,42.782,40.586
2022-04-04,944.6666666666666,940.0,992.0,920.0,8.06,11.43,12.45,0.6,46.508,52.574,54.41,33.08
2022-04-05,946.4347826086956,976.0,1064.0,168.0,8.592608695652178,7.04,12.27,6.95,47.46669565217392,44.672,54.086,44.51
2022-04-06,497.72972972972974,120.0,1208.0,104.0,5.882162162162165,5.3,8.08,5.3,42.58789189189187,41.54,46.544,41.54
2022-04-07,1328.5,1264.0,1664.0,1176.0,5.305625000000001,4.91,7.07,4.19,41.550124999999994,40.837999999999994,44.726,39.542
2022-04-08,939.1111111111111,1276.0,1384.0,168.0,6.8999999999999995,3.16,16.6,3.16,44.419999999999995,37.688,61.88,37.688
2022-04-09,404.0,404.0,416.0,392.0,12.305,12.395,14.64,9.79,54.149,54.311,58.352,49.622
2022-04-10,424.0,424.0,424.0,424.0,3.68,3.68,3.68,3.68,38.624,38.624,38.624,38.624
2022-04-11,404.44444444444446,400.0,432.0,376.0,9.55,14.31,15.84,2.67,49.18999999999999,57.758,60.512,36.806
2022-04-12,353.77777777777777,384.0,384.0,184.0,14.332222222222223,12.29,18.76,11.06,57.798000000000016,54.122,65.768,51.908
2022-04-13,326.4,356.0,376.0,176.0,16.679,18.26,20.62,12.88,62.0222,64.868,69.116,55.184
2022-04-14,416.8,416.0,472.0,392.0,8.032,8.184999999999999,10.47,6.98,46.457600000000006,46.733000000000004,50.846,44.564
2022-04-15,355.42857142857144,408.0,472.0,112.0,12.864999999999997,16.45,18.3,7.29,55.157000000000004,61.61,64.94,45.122
2022-04-16,369.3333333333333,392.0,512.0,176.0,16.189999999999998,16.45,20.67,12.99,61.141999999999996,61.61,69.206,55.382000000000005
2022-04-17,488.0,488.0,512.0,464.0,3.04,3.04,3.04,3.04,37.472,37.472,37.472,37.472
2022-04-18,440.0,440.0,440.0,440.0,5.93,5.93,5.93,5.93,42.674,42.674,42.674,42.674
2022-04-19,489.0,492.0,560.0,408.0,8.013749999999998,5.55,12.12,5.55,46.42475,41.99,53.816,41.99
2022-04-20,504.8,536.0,600.0,184.0,8.954000000000002,11.96,12.03,3.88,48.11720000000001,53.528000000000006,53.654,38.984
2022-04-21,425.6842105263158,504.0,648.0,104.0,9.032105263157893,6.99,15.67,6.33,48.2577894736842,44.582,60.206,43.394
2022-04-22,594.0,588.0,720.0,552.0,13.629166666666665,14.66,17.61,10.64,56.532500000000006,58.388000000000005,63.698,51.152
2022-04-23,624.0,624.0,640.0,608.0,12.575,12.575,17.08,8.07,54.635,54.635000000000005,62.744,46.526
2022-04-24,674.0,680.0,744.0,592.0,9.807500000000001,10.465,11.15,7.15,49.653499999999994,50.837,52.07,44.870000000000005
2022-04-25,738.6666666666666,720.0,888.0,640.0,8.654999999999998,7.630000000000001,12.69,7.13,47.57900000000001,45.734,54.842,44.834
2022-04-26,665.3913043478261,712.0,776.0,176.0,8.419130434782607,6.77,12.76,6.77,47.15443478260869,44.186,54.968,44.186
2022-04-27,531.2,552.0,672.0,184.0,9.923999999999998,11.21,13.41,6.82,49.863200000000006,52.178,56.138000000000005,44.276
2022-04-28,502.4,492.0,576.0,480.0,6.07,7.14,7.26,1.61,42.925999999999995,44.852,45.068,34.898
2022-04-29,619.0,644.0,656.0,528.0,7.076250000000001,7.045,11.69,2.65,44.73725,44.681,53.042,36.77
2022-04-30,610.6666666666666,592.0,656.0,584.0,11.726666666666667,11.96,11.96,11.26,53.108000000000004,53.528000000000006,53.528000000000006,52.268
2022-05-01,641.6,648.0,664.0,608.0,13.860000000000003,15.48,15.48,7.67,56.94799999999999,59.864,59.864,45.806
2022-05-02,701.8666666666667,688.0,856.0,616.0,10.245333333333337,10.15,14.72,8.02,50.44160000000001,50.27,58.496,46.436
2022-05-03,684.5714285714286,764.0,792.0,176.0,9.935,11.01,12.31,6.94,49.882999999999996,51.818,54.158,44.492
2022-05-04,776.6153846153846,784.0,808.0,752.0,11.16923076923077,11.24,12.06,9.78,52.10461538461537,52.232,53.708,49.604
2022-05-05,820.5714285714286,820.0,920.0,784.0,15.645714285714286,15.77,18.94,10.59,60.16228571428571,60.386,66.09200000000001,51.062
2022-05-06,861.0526315789474,872.0,992.0,776.0,16.310000000000002,17.35,17.35,14.04,61.358000000000004,63.23,63.23,57.272
2022-05-07,996.0,996.0,1032.0,960.0,9.275,9.275,11.94,6.61,48.695,48.695,53.492,43.898
2022-05-08,777.3333333333334,1040.0,1080.0,200.0,6.36,6.24,6.96,6.24,43.448,43.232,44.528,43.232
2022-05-09,848.4571428571429,1152.0,1368.0,104.0,7.2497142857142896,6.96,12.52,3.76,45.049485714285716,44.528,54.536,38.768
2022-05-10,1317.8947368421052,1304.0,1504.0,1152.0,11.092105263157896,11.37,11.37,6.99,51.96578947368423,52.466,52.466,44.582
2022-05-11,863.1111111111111,416.0,1488.0,408.0,9.432222222222222,10.84,11.87,6.9,48.977999999999994,51.512,53.366,44.42
2022-05-12,376.6666666666667,392.0,408.0,184.0,14.150833333333333,13.28,18.49,11.93,57.47149999999999,55.904,65.282,53.474
2022-05-13,366.0,360.0,392.0,336.0,18.705,19.18,23.13,14.12,65.669,66.524,73.634,57.416
2022-05-14,336.0,336.0,336.0,336.0,22.59,22.59,22.59,22.59,72.662,72.662,72.662,72.662
2022-05-15,336.0,336.0,336.0,336.0,19.3,19.3,19.3,19.3,66.74000000000001,66.74000000000001,66.74000000000001,66.74000000000001
2022-05-16,270.85714285714283,328.0,352.0,104.0,21.867142857142856,21.76,22.51,21.76,71.36085714285716,71.168,72.518,71.168
2022-05-17,298.10526315789474,344.0,352.0,104.0,19.11842105263157,18.71,20.7,16.58,66.41315789473681,65.678,69.25999999999999,61.844
2022-05-18,352.0,364.0,432.0,176.0,19.452499999999997,19.95,21.0,13.87,67.01449999999998,67.91,69.80000000000001,56.966
2022-05-19,360.61538461538464,392.0,528.0,104.0,13.870000000000003,13.87,13.87,13.87,56.966,56.966,56.966,56.966
2022-05-20,481.77777777777777,480.0,520.0,424.0,17.211111111111112,18.84,18.84,12.47,62.98000000000002,65.912,65.912,54.446
2022-05-21,531.0,540.0,584.0,448.0,23.2675,25.45,25.45,16.72,73.88149999999999,77.81,77.81,62.096
2022-05-22,462.6666666666667,528.0,552.0,192.0,24.508333333333336,24.465,28.99,20.07,76.115,76.037,84.18199999999999,68.126
2022-05-23,556.5714285714286,560.0,584.0,488.0,18.62285714285714,17.57,21.97,17.57,65.52114285714285,63.626000000000005,71.54599999999999,63.626000000000005
2022-05-24,606.0,612.0,640.0,560.0,14.22,14.22,14.72,13.72,57.596,57.596000000000004,58.496,56.696
2022-05-25,616.0,612.0,640.0,600.0,15.780000000000001,17.05,17.05,11.97,60.403999999999996,62.69,62.69,53.54600000000001
2022-05-26,595.5555555555555,600.0,640.0,560.0,17.59,17.59,17.59,17.59,63.662,63.662,63.662,63.662
2022-05-27,535.3333333333334,616.0,664.0,112.0,25.30666666666667,26.34,26.34,23.24,77.552,79.412,79.412,73.832
2022-05-29,656.0,656.0,672.0,640.0,17.58,17.58,18.41,16.75,63.644000000000005,63.644000000000005,65.138,62.150000000000006
2022-05-31,697.6,696.0,728.0,664.0,16.508,14.04,26.38,14.04,61.7144,57.272,79.48400000000001,57.272
2022-06-01,766.8571428571429,752.0,888.0,712.0,14.34,14.39,14.39,14.04,57.812,57.902,57.902,57.272
2022-06-02,739.2,744.0,752.0,712.0,14.779999999999998,14.26,16.86,14.26,58.604,57.668,62.348,57.668
2022-06-03,705.6,696.0,776.0,648.0,15.161999999999997,14.8,16.59,13.03,59.291599999999995,58.64,61.862,55.454
2022-06-04,608.0,600.0,632.0,592.0,15.454000000000002,14.56,20.09,13.5,59.8172,58.208,68.162,56.3
2022-06-05,452.0,540.0,584.0,144.0,19.6375,19.165,23.57,16.65,67.3475,66.497,74.426,61.97
2022-06-06,558.6666666666666,584.0,632.0,376.0,21.849999999999998,22.87,23.97,15.65,71.33,73.166,75.146,60.17
2022-06-07,478.85714285714283,544.0,656.0,128.0,23.36761904761906,21.92,26.8,17.48,74.06171428571425,71.456,80.24000000000001,63.464
2022-06-08,696.4705882352941,736.0,824.0,184.0,20.341176470588238,18.98,26.52,17.9,68.61411764705883,66.164,79.73599999999999,64.22
2022-06-09,806.6666666666666,808.0,824.0,792.0,21.216666666666665,22.86,22.86,17.93,70.19,73.148,73.148,64.274
2022-06-10,812.0,812.0,832.0,784.0,21.57166666666667,23.34,23.34,17.27,70.829,74.012,74.012,63.086
2022-06-11,802.6666666666666,808.0,848.0,752.0,20.59,18.1,25.57,18.1,69.06200000000001,64.58000000000001,78.02600000000001,64.58000000000001
2022-06-12,736.0,736.0,744.0,728.0,18.310000000000002,18.310000000000002,19.12,17.5,64.958,64.958,66.416,63.5
2022-06-13,624.0,716.0,768.0,104.0,26.860000000000003,26.86,26.86,26.86,80.348,80.348,80.348,80.348
2022-06-14,496.72727272727275,728.0,808.0,144.0,22.26545454545455,20.11,26.05,20.06,72.07781818181817,68.19800000000001,78.89,68.108
2022-06-15,669.0,740.0,776.0,112.0,19.4625,19.08,20.97,18.21,67.0325,66.344,69.74600000000001,64.778
2022-06-16,812.0,808.0,856.0,776.0,18.836666666666666,20.16,20.16,16.19,65.906,68.28800000000001,68.28800000000001,61.142
2022-06-17,840.0,840.0,840.0,840.0,29.57,29.57,29.57,29.57,85.226,85.226,85.226,85.226
2022-06-18,840.0,840.0,872.0,808.0,17.936666666666667,18.9,18.9,16.01,64.286,66.02,66.02,60.818000000000005
2022-06-19,572.8,712.0,968.0,120.0,11.41,11.41,11.41,11.41,52.538,52.538,52.538,52.538
2022-06-20,803.5555555555555,920.0,1000.0,112.0,19.553333333333335,19.4,24.56,16.42,67.19599999999998,66.92,76.208,61.556
2022-06-21,580.0,596.0,1024.0,104.0,18.915,19.825,21.47,14.54,66.047,67.685,70.646,58.172
2022-06-22,814.0,1004.0,1184.0,136.0,16.460000000000004,16.42,17.42,15.66,61.62799999999999,61.556,63.35600000000001,60.188
2022-06-23,1160.0,1160.0,1208.0,1104.0,19.419999999999998,18.27,22.01,15.73,66.956,64.886,71.618,60.314
2022-06-24,1230.857142857143,1240.0,1264.0,1184.0,20.76571428571429,18.61,26.64,16.58,69.3782857142857,65.49799999999999,79.952,61.844
2022-06-25,1288.0,1272.0,1376.0,1232.0,25.5725,24.17,29.41,20.67,78.0305,75.506,84.938,69.206
2022-06-26,148.0,148.0,160.0,136.0,23.395,23.395,25.31,21.48,74.11099999999999,74.11099999999999,77.55799999999999,70.664
2022-06-27,206.22222222222223,168.0,336.0,104.0,22.919999999999998,22.04,24.02,22.04,73.25600000000001,71.672,75.23599999999999,71.672
2022-06-28,308.8,336.0,472.0,192.0,21.020000000000003,19.19,24.86,19.19,69.83600000000001,66.542,76.74799999999999,66.542
2022-06-29,282.0,328.0,328.0,144.0,24.65,24.65,24.65,24.65,76.37,76.37,76.37,76.37
2022-06-30,328.0,328.0,328.0,328.0,25.16,25.16,25.16,25.16,77.28800000000001,77.28800000000001,77.28800000000001,77.28800000000001
2022-07-01,256.0,320.0,328.0,152.0,25.01,22.53,31.24,20.02,77.01799999999999,72.554,88.232,68.036
2022-07-03,328.0,328.0,328.0,328.0,22.24,22.24,22.24,22.24,72.032,72.032,72.032,72.032
2022-07-04,328.0,328.0,328.0,328.0,27.72,27.72,27.72,27.72,81.896,81.896,81.896,81.896
2022-07-05,301.7142857142857,328.0,328.0,144.0,23.060000000000002,22.67,23.58,22.67,73.50800000000001,72.80600000000001,74.44399999999999,72.80600000000001
2022-07-06,283.0,328.0,328.0,144.0,25.270000000000003,24.68,28.4,24.68,77.48599999999999,76.424,83.12,76.424
2022-07-07,302.85714285714283,328.0,368.0,104.0,24.04428571428571,23.35,25.78,23.35,75.27971428571428,74.03,78.404,74.03
2022-07-08,328.0,328.0,328.0,328.0,28.209999999999997,27.53,29.57,27.53,82.778,81.554,85.226,81.554
2022-07-09,352.0,352.0,352.0,352.0,24.01,24.01,24.01,24.01,75.218,75.218,75.218,75.218
2022-07-10,152.0,152.0,160.0,144.0,18.775,18.775,19.69,17.86,65.795,65.795,67.44200000000001,64.148
2022-07-11,352.0,344.0,384.0,336.0,23.628,25.06,25.06,17.9,74.5304,77.108,77.108,64.22
2022-07-12,378.1818181818182,408.0,648.0,128.0,28.26,28.18,32.18,23.14,82.86800000000001,82.724,89.924,73.652
2022-07-13,406.6666666666667,404.0,432.0,392.0,26.419999999999998,25.48,31.12,25.48,79.556,77.864,88.016,77.864
2022-07-14,532.8,544.0,560.0,464.0,25.078,24.86,29.27,21.54,77.14039999999999,76.74799999999999,84.686,70.77199999999999
2022-07-15,476.0,528.0,560.0,168.0,23.732499999999995,25.08,25.08,21.39,74.7185,77.144,77.144,70.50200000000001
2022-07-16,520.0,520.0,536.0,504.0,24.515,24.515,28.38,20.65,76.12700000000001,76.12700000000001,83.084,69.17
2022-07-17,466.6666666666667,472.0,480.0,448.0,23.673333333333332,22.83,25.44,22.75,74.61200000000001,73.094,77.792,72.95
2022-07-18,521.1428571428571,520.0,544.0,496.0,25.90857142857143,25.68,29.19,23.77,78.63542857142856,78.224,84.542,74.786
2022-07-19,754.0,780.0,872.0,584.0,32.53,32.08,33.88,32.08,90.554,89.744,92.984,89.744
2022-07-20,606.6666666666666,604.0,648.0,576.0,34.45666666666667,35.405,35.64,29.48,94.02199999999999,95.729,96.152,85.064
2022-07-21,528.8888888888889,624.0,664.0,160.0,31.607777777777773,33.04,38.15,27.89,88.89399999999999,91.472,100.67,82.202
2022-07-22,610.0,668.0,888.0,152.0,31.563333333333333,32.51,33.66,28.52,88.81400000000001,90.518,92.588,83.336
2022-07-23,642.6666666666666,648.0,656.0,624.0,29.436666666666667,28.48,33.62,26.21,84.986,83.26400000000001,92.516,79.178
2022-07-24,441.6,624.0,664.0,136.0,30.332000000000004,26.55,37.59,26.55,86.5976,79.78999999999999,99.662,79.78999999999999
2022-07-25,552.0,672.0,792.0,160.0,31.27857142857143,31.95,31.95,29.6,88.30142857142856,89.50999999999999,89.50999999999999,85.28
2022-07-26,768.0,768.0,784.0,752.0,24.691666666666666,24.89,27.44,23.02,76.44500000000001,76.80199999999999,81.392,73.436
2022-07-27,775.0,772.0,808.0,744.0,23.521250000000002,23.77,23.77,21.78,74.33825000000002,74.786,74.786,71.20400000000001
2022-07-28,794.1333333333333,848.0,880.0,104.0,25.214000000000006,21.49,32.69,21.49,77.3852,70.68199999999999,90.842,70.68199999999999
2022-07-29,802.0,912.0,1000.0,160.0,28.1125,28.055,31.58,24.3,82.6025,82.499,88.844,75.74000000000001
2022-07-30,864.0,864.0,880.0,848.0,27.685000000000002,27.685000000000002,30.66,24.71,81.833,81.833,87.188,76.47800000000001
2022-07-31,824.0,824.0,824.0,824.0,23.33,23.33,23.33,23.33,73.994,73.994,73.994,73.994
2022-08-01,647.0,672.0,1160.0,120.0,26.00125,24.16,29.62,23.49,78.80225000000002,75.488,85.316,74.282
2022-08-02,593.0,580.0,664.0,568.0,30.824999999999996,31.98,31.98,22.74,87.48499999999999,89.564,89.564,72.93199999999999
2022-08-03,568.0,644.0,776.0,128.0,25.203000000000003,25.49,25.62,24.49,77.3654,77.882,78.116,76.082
2022-08-04,768.0,764.0,824.0,720.0,30.61,33.0,33.0,23.44,87.09800000000001,91.4,91.4,74.19200000000001
2022-08-05,812.8,808.0,864.0,784.0,32.194,28.69,38.24,27.9,89.94919999999999,83.642,100.832,82.22
2022-08-06,784.0,784.0,784.0,784.0,25.13,25.13,25.13,25.13,77.23400000000001,77.23400000000001,77.23400000000001,77.23400000000001
2022-08-07,776.0,776.0,776.0,776.0,26.6,26.6,26.6,26.6,79.88,79.88,79.88,79.88
2022-08-08,949.3333333333334,1000.0,1112.0,760.0,31.605,31.604999999999997,33.62,29.59,88.88900000000001,88.88900000000001,92.516,85.262
2022-08-09,776.0,752.0,928.0,728.0,32.59333333333334,32.43,32.92,32.43,90.668,90.374,91.256,90.374
2022-08-10,686.7692307692307,736.0,760.0,136.0,21.496153846153845,20.6,23.29,20.16,70.69307692307694,69.08000000000001,73.922,68.28800000000001
2022-08-11,632.0,752.0,784.0,128.0,23.516,24.83,24.83,20.93,74.3288,76.69399999999999,76.69399999999999,69.674
2022-08-12,829.8181818181819,840.0,1296.0,168.0,22.478181818181817,22.36,25.41,20.79,72.4607272727273,72.24799999999999,77.738,69.422
2022-08-13,880.0,880.0,880.0,880.0,17.77,17.77,17.77,17.77,63.986,63.986,63.986,63.986
2022-08-14,168.0,168.0,168.0,168.0,19.51,19.51,19.51,19.51,67.118,67.118,67.118,67.118
2022-08-15,798.4,896.0,952.0,160.0,25.173999999999996,26.07,26.07,20.03,77.31320000000002,78.926,78.926,68.054
2022-08-16,974.4,996.0,1080.0,840.0,21.244000000000003,21.52,21.52,20.83,70.2392,70.73599999999999,70.73599999999999,69.494
2022-08-17,760.4444444444445,948.0,1160.0,104.0,21.12333333333334,21.24,21.24,20.19,70.02199999999999,70.232,70.232,68.34200000000001
2022-08-18,1029.6,1104.0,1224.0,128.0,25.198999999999995,25.95,25.95,19.26,77.35820000000001,78.71000000000001,78.71000000000001,66.668
2022-08-19,1030.5454545454545,1136.0,1392.0,112.0,25.048181818181817,22.59,29.35,22.59,77.0867272727273,72.662,84.83000000000001,72.662
2022-08-21,160.0,160.0,160.0,160.0,22.63,22.63,22.63,22.63,72.73400000000001,72.73400000000001,72.73400000000001,72.73400000000001
2022-08-22,1176.6153846153845,1256.0,1424.0,112.0,21.221538461538458,20.67,22.54,20.67,70.19876923076924,69.206,72.572,69.206
2022-08-23,217.14285714285714,144.0,336.0,104.0,22.97142857142857,22.44,24.8,21.44,73.34857142857143,72.392,76.64,70.59200000000001
2022-08-24,222.66666666666666,224.0,328.0,112.0,25.36,25.36,25.36,25.36,77.64800000000001,77.648,77.648,77.648
2022-08-25,250.4,320.0,328.0,104.0,26.175000000000004,26.174999999999997,28.36,23.99,79.115,79.115,83.048,75.18199999999999
2022-08-26,264.0,328.0,328.0,104.0,23.174285714285713,23.02,23.56,23.02,73.7137142857143,73.436,74.408,73.436
2022-08-27,272.0,352.0,352.0,128.0,21.993999999999993,21.54,23.81,21.54,71.58919999999999,70.77199999999999,74.858,70.77199999999999
2022-08-28,136.0,136.0,136.0,136.0,21.66,21.66,21.66,21.66,70.988,70.988,70.988,70.988
2022-08-29,236.44444444444446,320.0,336.0,104.0,25.252222222222226,26.05,32.52,21.02,77.45400000000001,78.89,90.536,69.836
2022-08-30,301.53846153846155,320.0,384.0,104.0,26.183076923076932,26.42,34.78,23.62,79.12953846153847,79.55600000000001,94.604,74.516
2022-08-31,289.0,312.0,472.0,104.0,25.026875000000004,23.555,29.19,22.63,77.04837500000004,74.399,84.542,72.73400000000001
2022-09-01,437.7142857142857,472.0,536.0,344.0,24.12,24.48,25.65,22.47,75.41600000000001,76.064,78.17,72.446
2022-09-02,550.8571428571429,564.0,600.0,472.0,19.950714285714287,21.51,22.47,15.45,67.91128571428571,70.718,72.446,59.81
2022-09-03,496.0,504.0,504.0,480.0,17.87,17.87,17.87,17.87,64.166,64.166,64.166,64.166
2022-09-04,424.0,504.0,520.0,168.0,21.45,19.89,26.13,19.89,70.60999999999999,67.80199999999999,79.03399999999999,67.80199999999999
2022-09-06,604.0,600.0,616.0,600.0,18.36,18.205,18.89,18.14,65.048,64.769,66.00200000000001,64.652
2022-09-07,652.2666666666667,672.0,912.0,168.0,18.868,18.83,21.56,17.18,65.96239999999999,65.894,70.80799999999999,62.924
2022-09-08,736.0,800.0,976.0,176.0,18.683125,18.69,22.09,15.99,65.62962500000002,65.642,71.762,60.782
2022-09-09,747.4285714285714,788.0,824.0,176.0,18.966428571428573,16.2,24.97,15.71,66.13957142857143,61.16,76.946,60.278000000000006
2022-09-10,692.0,692.0,752.0,632.0,23.8075,23.85,28.14,19.39,74.8535,74.93,82.652,66.902
2022-09-11,366.0,368.0,600.0,128.0,21.1025,21.13,21.13,21.02,69.9845,70.03399999999999,70.03399999999999,69.836
2022-09-12,448.61538461538464,576.0,616.0,104.0,21.517692307692304,20.11,24.94,19.98,70.73184615384615,68.19800000000001,76.892,67.964
2022-09-13,408.8421052631579,584.0,736.0,104.0,22.180526315789468,21.22,23.58,21.18,71.92494736842106,70.196,74.44399999999999,70.124
2022-09-14,571.2727272727273,756.0,832.0,104.0,21.348636363636356,21.71,25.4,17.65,70.42754545454544,71.078,77.72,63.77
2022-09-15,671.578947368421,832.0,920.0,104.0,18.561578947368414,18.85,23.09,15.42,65.41084210526316,65.93,73.562,59.756
2022-09-16,838.2857142857143,824.0,912.0,768.0,15.908571428571431,15.925,20.86,12.56,60.635428571428584,60.665000000000006,69.548,54.608
2022-09-17,802.9090909090909,776.0,1072.0,752.0,15.909090909090908,17.63,19.9,12.11,60.63636363636365,63.734,67.82,53.798
2022-09-18,784.0,784.0,784.0,784.0,15.92,15.92,15.92,15.92,60.656,60.656,60.656,60.656
2022-09-19,670.0,788.0,848.0,208.0,18.746249999999996,18.775,21.37,15.95,65.74325,65.79499999999999,70.46600000000001,60.71
2022-09-20,855.1111111111111,848.0,904.0,816.0,16.36777777777778,16.42,17.69,15.76,61.46199999999999,61.556,63.842,60.368
2022-09-21,843.0,940.0,1016.0,112.0,16.525624999999998,15.01,19.14,14.72,61.746125,59.018,66.452,58.496
2022-09-22,992.8421052631579,1040.0,1256.0,160.0,17.613684210526316,17.77,21.31,15.56,63.704631578947385,63.986,70.358,60.008
2022-09-23,1157.3333333333333,1216.0,1384.0,144.0,11.885999999999997,11.04,14.81,10.66,53.39479999999999,51.872,58.658,51.188
2022-09-24,1324.8,1328.0,1376.0,1256.0,10.657999999999998,8.07,19.24,6.87,51.184400000000004,46.526,66.632,44.366
2022-09-25,1165.7142857142858,1288.0,1336.0,352.0,15.385714285714284,12.17,20.27,11.9,59.69428571428572,53.906,68.48599999999999,53.42
2022-09-26,446.4,344.0,1096.0,104.0,18.958000000000002,19.2,22.63,16.41,66.12440000000001,66.56,72.73400000000001,61.538
2022-09-27,345.77777777777777,344.0,352.0,336.0,16.963333333333335,16.25,18.02,15.59,62.53400000000002,61.25,64.436,60.062
2022-09-28,290.0,344.0,352.0,160.0,17.770625000000003,17.87,20.96,13.68,63.98712499999998,64.166,69.72800000000001,56.624
2022-09-29,349.53846153846155,360.0,376.0,176.0,14.410769230769231,13.94,17.56,12.51,57.939384615384604,57.092,63.608,54.518
2022-09-30,394.2857142857143,392.0,400.0,384.0,11.681428571428572,13.06,15.85,8.14,53.02657142857142,55.508,60.53,46.652
2022-10-01,400.0,400.0,408.0,392.0,13.309999999999999,14.0,14.23,11.01,55.958,57.2,57.614,51.818
